{"cameraMode":{"drawMode":0,"name":"Shaded","section":"Shading Mode"},"sceneLighting":true,"audioPlay":false,"sceneViewState":{"showFog":true,"showMaterialUpdate":false,"showSkybox":true,"showFlares":true,"showImageEffects":true,"showParticleSystems":true},"in2DMode":false,"pivot":{"x":129.38119506835938,"y":-11.158241271972657,"z":140.57530212402345},"rotation":{"x":0.38310936093330386,"y":0.03629305958747864,"z":-0.013452722690999508,"w":0.9231685996055603},"size":57.64799499511719,"orthographic":false}